id,propertyID,description,location,type,details,url,price,priceHistory,endAuction
1,Code: 191661,Instapklaar appartement,9300 Aalst,Appartement,"Informations descriptives
Année de construction
1994
Nombre de salles de bain
1
Nombre de toilettes
1
Étage du bien
2
Living
Cuisine équipée
Informations supplémentaires
Parking(s) à l'intérieur
1
Informations énergétiques
Code unique du certificat PEB
20201028-0002333416-RES-1
Informations financières
Libre à partir du
À l'acte
Revenu cadastral
€ 1.028
Immeuble de rapport
Informations urbanistiques
La destination urbanistique la plus récente de ce bien avec les dénominations utilisées dans le registre des plans.
woongebied
Type de zone inondable
Pas d’application
(procédure en cours) relative aux mesures de réparation aménagement du territoire
Permis d'urbanisme
Permis d'urbanisation ou permis de lotir
Droit de préemption RUP",https://www.biddit.be/fr/catalog/detail/191661,€ 178.000,"17/02/2021, 11:46:10
Enchère
€ 178.000
17/02/2021, 11:37:22
Enchère
€ 177.000
09/02/2021, 21:34:40
Enchère
€ 176.000
09/02/2021, 12:00:14
Enchère
€ 175.000
09/02/2021, 12:00:00
Mise à prix
€ 175.000",se termine le 17/02/2021 à 12:00 heure(s)
2,Code: 192143,Appartement,2830 Willebroek,Appartement,"Informations descriptives
Surface terrain
204 m²
Nombre de salles de bain
1
Étage du bien
2
Informations énergétiques
Code unique du certificat PEB
20180626-0002071091-1
Informations financières
Libre à partir du
À l'acte
Revenu cadastral à définir
Immeuble de rapport
Informations urbanistiques
La destination urbanistique la plus récente de ce bien avec les dénominations utilisées dans le registre des plans.
Woongebied
Type de zone inondable
Pas d’application
(procédure en cours) relative aux mesures de réparation aménagement du territoire
Permis d'urbanisme
Permis d'urbanisation ou permis de lotir
Droit de préemption RUP",https://www.biddit.be/fr/catalog/detail/192143,€ 117.000,"17/02/2021, 11:06:37
Enchère
€ 117.000
09/02/2021, 17:06:23
Enchère
€ 115.000
09/02/2021, 13:00:00
Mise à prix
€ 115.000",se termine le 17/02/2021 à 13:00 heure(s)
3,Code: 192145,Appartement,2830 Willebroek,Rez-de-chaussée,"Informations descriptives
Surface terrain
71 m²
Nombre de salles de bain
1
Informations énergétiques
Code unique du certificat PEB
20180626-0002071093-1
Informations financières
Libre à partir du
À l'acte
Revenu cadastral à définir
Immeuble de rapport
Informations urbanistiques
La destination urbanistique la plus récente de ce bien avec les dénominations utilisées dans le registre des plans.
Woongebied
Type de zone inondable
Pas d’application
(procédure en cours) relative aux mesures de réparation aménagement du territoire
Permis d'urbanisme
Permis d'urbanisation ou permis de lotir
Droit de préemption RUP",https://www.biddit.be/fr/catalog/detail/192145,€ 82.000,"17/02/2021, 11:05:29
Enchère
€ 82.000
17/02/2021, 08:18:31
Enchère
€ 80.000
17/02/2021, 08:18:13
Enchère
€ 76.000
17/02/2021, 08:18:13
Enchère
€ 75.000
17/02/2021, 08:18:03
Enchère
€ 71.000
17/02/2021, 08:18:03
Enchère
€ 70.000
17/02/2021, 06:33:49
Enchère
€ 68.000
15/02/2021, 21:43:08
Enchère
€ 67.000
15/02/2021, 18:27:46
Enchère
€ 66.000
09/02/2021, 17:07:09
Enchère
€ 65.000
09/02/2021, 13:00:00
Mise à prix
€ 65.000",se termine le 17/02/2021 à 13:00 heure(s)
4,Code: 192146,Appartement,2830 Willebroek,Rez-de-chaussée,"Informations descriptives
Surface terrain
65 m²
Nombre de salles de bain
1
Informations énergétiques
Code unique du certificat PEB
20180626-0002071095-1
Informations financières
Libre à partir du
À l'acte
Revenu cadastral à définir
Immeuble de rapport
Informations urbanistiques
La destination urbanistique la plus récente de ce bien avec les dénominations utilisées dans le registre des plans.
Woongebied
Type de zone inondable
Pas d’application
(procédure en cours) relative aux mesures de réparation aménagement du territoire
Permis d'urbanisme
Permis d'urbanisation ou permis de lotir
Droit de préemption RUP",https://www.biddit.be/fr/catalog/detail/192146,€ 68.000,"17/02/2021, 11:06:02
Enchère
€ 68.000
09/02/2021, 17:07:31
Enchère
€ 65.000
09/02/2021, 13:00:00
Mise à prix
€ 65.000",se termine le 17/02/2021 à 13:00 heure(s)
5,Code: 191932,Instapklaar appartement,2050 Antwerpen,Appartement,"Informations descriptives
Année de construction
1969
Nombre de salles de bain
1
Étage du bien
2
Living
Informations sur le jardin et terrain
Terrasse
Informations énergétiques
Code unique du certificat PEB
20200930-0002321553-RES-1
Informations financières
Libre à partir du
À l'acte
Revenu cadastral
€ 800
Immeuble de rapport
Informations urbanistiques
La destination urbanistique la plus récente de ce bien avec les dénominations utilisées dans le registre des plans.
Woongebied
Type de zone inondable
Pas d’application
(procédure en cours) relative aux mesures de réparation aménagement du territoire
Permis d'urbanisme
Permis d'urbanisation ou permis de lotir
Droit de préemption RUP",https://www.biddit.be/fr/catalog/detail/191932,€ 145.000,"09/02/2021, 14:00:33
Enchère
€ 145.000
09/02/2021, 14:00:00
Mise à prix
€ 145.000",se termine le 17/02/2021 à 14:00 heure(s)
6,Code: 191856,Woonhuis met prachtig uitzicht op de schelde,9140 Steendorp,Maison,"Informations descriptives
Surface terrain
115 m²
État du bâtiment
À rafraichir
Type de chauffage
Gaz
Chauffage central
Nombre de salles de bain
2
Nombre de toilettes
2
Ascenseur
Living
Salle à manger
Cuisine équipée
Informations supplémentaires
Grenier
Grenier isolé
Grenier accessible par escalier fixe
Raccordement à l'égoût
Télédistribution
Veranda
Parking(s) à l'intérieur
2
Informations sur le jardin et terrain
Terrasse
Jardin
Informations énergétiques
Code unique du certificat PEB
20200814-0002303815-RES-1
Informations financières
Libre à partir du
À définir
Revenu cadastral
€ 604
Informations urbanistiques
La destination urbanistique la plus récente de ce bien avec les dénominations utilisées dans le registre des plans.
woongebieden
Type de zone inondable
Pas d’application
(procédure en cours) relative aux mesures de réparation aménagement du territoire
Permis d'urbanisme
Permis d'urbanisation ou permis de lotir
Droit de préemption RUP
Données relatives à la protection du patrimoine
L'immeuble est-il protégé ou repris dans un inventaire établi? (info: www.onroerenderfgoed.be)
Non",https://www.biddit.be/fr/catalog/detail/191856,€ 240.000,,se termine le 17/02/2021 à 15:00 heure(s)
7,Code: 191897,Ruime deels gerenoveerde woning,2560 Nijlen,Maison,"Informations descriptives
Année de construction
1968
Surface terrain
690 m²
Nombre de façades
3
Nombre de salles de bain
2
Nombre de toilettes
1
Living
Informations sur le jardin et terrain
Jardin
Informations énergétiques
Code unique du certificat PEB
20200705-0002285136-RES-1
Informations financières
Libre à partir du
À l'acte
Revenu cadastral
€ 845
Immeuble de rapport
Informations urbanistiques
La destination urbanistique la plus récente de ce bien avec les dénominations utilisées dans le registre des plans.
Lwag
Type de zone inondable
Pas d’application
(procédure en cours) relative aux mesures de réparation aménagement du territoire
Permis d'urbanisme
Permis d'urbanisation ou permis de lotir
Droit de préemption RUP",https://www.biddit.be/fr/catalog/detail/191897,€ 313.000,"16/02/2021, 21:03:36
Enchère
€ 313.000
16/02/2021, 20:27:38
Enchère
€ 311.000
16/02/2021, 20:10:56
Enchère
€ 310.000
16/02/2021, 13:02:08
Enchère
€ 303.000
16/02/2021, 11:59:28
Enchère
€ 302.000
15/02/2021, 20:54:26
Enchère
€ 301.000
15/02/2021, 11:59:57
Enchère
€ 300.000
14/02/2021, 20:34:28
Enchère
€ 270.000
11/02/2021, 12:23:23
Enchère
€ 269.000
11/02/2021, 12:00:02
Enchère
€ 268.000
11/02/2021, 08:37:41
Enchère
€ 267.000
11/02/2021, 08:37:01
Enchère
€ 266.000
11/02/2021, 08:36:25
Enchère
€ 265.000
11/02/2021, 08:23:01
Enchère
€ 264.000
11/02/2021, 07:47:34
Enchère
€ 263.000
10/02/2021, 09:29:11
Enchère
€ 262.000
10/02/2021, 09:25:30
Enchère
€ 261.000
09/02/2021, 17:25:55
Enchère
€ 260.000
09/02/2021, 17:25:01
Enchère
€ 245.000
09/02/2021, 17:25:01
Enchère
€ 244.000
Afficher l’historique des enchères",se termine le 17/02/2021 à 15:00 heure(s)
8,Code: 191837,Een woonhuis,9550 Herzele,Maison,"Informations descriptives
Surface terrain
364 m²
Type de chauffage
Mazout
Nombre de salles de bain
1
Living
Cave
Cuisine équipée
Informations supplémentaires
Grenier
Informations sur les commodités et facilités
Trains
Bus
Commerces
Informations énergétiques
Code unique du certificat PEB
2201018-0002329132-RES-1
Informations financières
Libre à partir du
À l'acte
Revenu cadastral
€ 629
Informations urbanistiques
La destination urbanistique la plus récente de ce bien avec les dénominations utilisées dans le registre des plans.
Woongebied
Type de zone inondable
Pas d’application
(procédure en cours) relative aux mesures de réparation aménagement du territoire
Permis d'urbanisme
Permis d'urbanisation ou permis de lotir
Droit de préemption RUP
Données relatives à la protection du patrimoine
L'immeuble est-il protégé ou repris dans un inventaire établi? (info: www.onroerenderfgoed.be)
Non",https://www.biddit.be/fr/catalog/detail/191837,€ 103.000,"10/02/2021, 15:40:00
Enchère
€ 103.000
10/02/2021, 15:40:00
Enchère
€ 102.000
10/02/2021, 15:39:52
Enchère
€ 101.000
10/02/2021, 15:39:52
Enchère
€ 100.000
10/02/2021, 13:24:33
Enchère
€ 96.000
10/02/2021, 13:24:33
Enchère
€ 95.000
10/02/2021, 13:24:21
Enchère
€ 94.000
10/02/2021, 13:24:21
Enchère
€ 93.000
10/02/2021, 13:23:56
Enchère
€ 92.000
10/02/2021, 13:23:56
Enchère
€ 91.000
10/02/2021, 13:23:47
Enchère
€ 90.000
10/02/2021, 13:23:47
Enchère
€ 89.000
10/02/2021, 13:23:37
Enchère
€ 88.000
10/02/2021, 13:23:37
Enchère
€ 87.000
10/02/2021, 12:00:10
Enchère
€ 86.000
10/02/2021, 11:00:37
Enchère
€ 85.000
10/02/2021, 11:00:06
Enchère
€ 84.000
10/02/2021, 11:00:00
Mise à prix
€ 84.000",se termine le 18/02/2021 à 11:00 heure(s)
9,Code: 191865,Maison d'habitation proche des commerces à rénover,7080 La Bouverie,Maison,"Informations descriptives
Surface terrain
120 m²
État du bâtiment
À rénover
Type de chauffage
Mazout
Nombre de façades
2
Nombre d'unités d'habitation (selon l'urbanisme)
1
Nombre de salles de bain
1
Nombre de toilettes
1
Living
Salle à manger
Informations supplémentaires
Grenier
Grenier isolé
Raccordement à l'égoût
Informations sur le jardin et terrain
Jardin
Informations sur les commodités et facilités
Commerces
Informations énergétiques
Code unique du certificat PEB
20200124
Consommation spécifique d'énergie primaire en KWh/m²/an
697
Consommation théorique totale d'énergie primaire en KWH/an (valeur)
69584
PEB
Panneaux solaires
Double vitrage
Informations financières
Libre à partir du
À définir
Revenu cadastral
€ 290
Immeuble de rapport
Informations urbanistiques
Destination urbanistique la plus récente
zone d'habitat
Infraction urbanistique ?
Permis d'urbanisme
Permis d'urbanisme de constructions groupées
Permis d'urbanisation ou permis de lotir
Droit de préemption
Vente soumise à autorisation
Site Natura 2000 pressenti ou désigné
Données relatives à la protection du patrimoine
Inscription à la liste de sauvegarde ou de classement du patrimoine immobilier ?
Non
Procédure de classement au patrimoine",https://www.biddit.be/fr/catalog/detail/191865,€ 37.000,"15/02/2021, 20:35:50
Enchère
€ 37.000
10/02/2021, 23:48:20
Enchère
€ 36.000
10/02/2021, 15:48:41
Enchère
€ 35.000
10/02/2021, 14:35:44
Enchère
€ 32.000
10/02/2021, 13:19:07
Enchère
€ 31.000
10/02/2021, 11:00:15
Enchère
€ 30.000
10/02/2021, 11:00:00
Mise à prix
€ 30.000",se termine le 18/02/2021 à 11:00 heure(s)
10,Code: 192454,"Terrain à gilly, rue jean jaurès (à côté du n°60)",6060 Gilly,Terrain à bâtir,"Informations descriptives
Surface terrain
246 m²
Obligation de construire
Informations supplémentaires
Raccordement à l'égoût
Informations sur le jardin et terrain
Largeur terrain
10.72 m
Terrain plat
Terrain front de rue
Informations financières
Libre à partir du
À l'acte
Revenu cadastral
€ 2
Informations urbanistiques
Destination urbanistique la plus récente
zone d'habitat
Infraction urbanistique ?
Permis d'urbanisme
Permis d'urbanisme de constructions groupées
Permis d'urbanisation ou permis de lotir
Données relatives à la protection du patrimoine
Inscription à la liste de sauvegarde ou de classement du patrimoine immobilier ?
Non
Procédure de classement au patrimoine",https://www.biddit.be/fr/catalog/detail/192454,€ 30.000,"16/02/2021, 13:30:29
Enchère
€ 30.000
10/02/2021, 11:00:00
Mise à prix
€ 30.000",se termine le 18/02/2021 à 11:00 heure(s)
11,Code: 192052,Magnifique terrain à bâtir,5310 Bolinne,Terrain à bâtir,"Informations descriptives
Surface terrain
551 m²
Informations financières
Libre à partir du
À l'acte
Revenu cadastral à définir
Informations urbanistiques
Destination urbanistique la plus récente
zone d’habitat à caractère rural
Infraction urbanistique ?
Permis d'urbanisme
Permis d'urbanisme de constructions groupées
Permis d'urbanisation ou permis de lotir
Données relatives à la protection du patrimoine
Inscription à la liste de sauvegarde ou de classement du patrimoine immobilier ?
Non",https://www.biddit.be/fr/catalog/detail/192052,€ 45.000,"15/02/2021, 07:59:58
Enchère
€ 45.000
10/02/2021, 12:00:00
Mise à prix
€ 45.000",se termine le 18/02/2021 à 12:00 heure(s)
12,Code: 191052,Op te frissen eengezinswoning,2200 Herentals,Maison,"Informations descriptives
Année de construction
1961
Surface terrain
772 m²
État du bâtiment
À rafraichir
Nombre de façades
4
Nombre de salles de bain
1
Nombre de toilettes
1
Living
Cave
Informations supplémentaires
Grenier
Informations sur le jardin et terrain
Jardin
Informations énergétiques
Code unique du certificat PEB
20201021-0002330546-RES-1
Informations financières
Libre à partir du
À l'acte
Revenu cadastral
€ 819
Immeuble de rapport
Informations urbanistiques
La destination urbanistique la plus récente de ce bien avec les dénominations utilisées dans le registre des plans.
Woongebied
Type de zone inondable
Pas d’application
Permis d'urbanisme",https://www.biddit.be/fr/catalog/detail/191052,€ 243.000,"16/02/2021, 16:03:14
Enchère
€ 243.000
16/02/2021, 16:03:14
Enchère
€ 242.000
16/02/2021, 16:03:14
Enchère
€ 242.000
16/02/2021, 16:02:39
Enchère
€ 241.000
16/02/2021, 16:02:39
Enchère
€ 240.000
16/02/2021, 16:02:39
Enchère
€ 239.000
16/02/2021, 16:02:39
Enchère
€ 238.000
16/02/2021, 16:02:39
Enchère
€ 237.000
16/02/2021, 16:02:39
Enchère
€ 236.000
16/02/2021, 16:02:39
Enchère
€ 235.000
16/02/2021, 16:02:39
Enchère
€ 234.000
16/02/2021, 16:01:50
Enchère
€ 233.000
16/02/2021, 16:01:50
Enchère
€ 232.000
16/02/2021, 16:01:12
Enchère
€ 231.000
16/02/2021, 16:01:12
Enchère
€ 231.000
16/02/2021, 16:01:12
Enchère
€ 230.000
16/02/2021, 16:01:12
Enchère
€ 229.000
16/02/2021, 16:01:12
Enchère
€ 228.000
16/02/2021, 16:01:12
Enchère
€ 227.000
16/02/2021, 16:01:12
Enchère
€ 226.000
Afficher l’historique des enchères",se termine le 18/02/2021 à 13:00 heure(s)
13,Code: 191527,Centraal gelegen te renoveren rijwoning,3001 Heverlee,Maison,"Informations descriptives
Surface terrain
130 m²
Informations énergétiques
Code unique du certificat PEB
20201006-0002323993-RES-1
Informations financières
Libre à partir du
À l'acte
Revenu cadastral
€ 532
Informations urbanistiques
La destination urbanistique la plus récente de ce bien avec les dénominations utilisées dans le registre des plans.
woongebieden
Type de zone inondable
Pas d’application
(procédure en cours) relative aux mesures de réparation aménagement du territoire
Permis d'urbanisme
Permis d'urbanisation ou permis de lotir
Droit de préemption RUP
Données relatives à la protection du patrimoine
L'immeuble est-il protégé ou repris dans un inventaire établi? (info: www.onroerenderfgoed.be)
Non",https://www.biddit.be/fr/catalog/detail/191527,€ 220.000,"15/02/2021, 11:00:39
Enchère
€ 220.000
15/02/2021, 08:59:29
Enchère
€ 216.000
14/02/2021, 13:18:48
Enchère
€ 215.000
13/02/2021, 20:43:43
Enchère
€ 212.000
13/02/2021, 16:47:53
Enchère
€ 211.000
10/02/2021, 18:48:34
Enchère
€ 206.000
10/02/2021, 13:00:36
Enchère
€ 205.000
10/02/2021, 13:00:06
Enchère
€ 165.000
10/02/2021, 13:00:00
Mise à prix
€ 165.000",se termine le 18/02/2021 à 13:00 heure(s)
14,Code: 191964,Maison avec cour,7170 La Hestre,Maison,"Informations énergétiques
Code unique du certificat PEB
20201204007918
Consommation spécifique d'énergie primaire en KWh/m²/an
462
Consommation théorique totale d'énergie primaire en KWH/an (valeur)
50585
PEB
Panneaux solaires
Double vitrage
Informations financières
Libre à partir du
À définir
Revenu cadastral
€ 557
Immeuble de rapport",https://www.biddit.be/fr/catalog/detail/191964,€ 90.000,"10/02/2021, 13:00:18
Enchère
€ 90.000
10/02/2021, 13:00:00
Mise à prix
€ 90.000",se termine le 18/02/2021 à 13:00 heure(s)
15,Code: 191309,Maison avec jardin et dépendance,4161 Villers-aux-Tours,Maison,"Informations descriptives
Année de construction
1987
Surface terrain
516 m²
Surface chambre 1
11.21 m²
État du bâtiment
À rafraichir
Environnement
Rural
Type de chauffage
Électricité
Chauffage central
Nombre de façades
4
Nombre d'unités d'habitation (selon l'urbanisme)
1
Nombre de salles de douche
1
Cuisine équipée
Surface cuisine
18.02 m²
Informations supplémentaires
Grenier
Informations sur le jardin et terrain
Jardin
Informations sur les commodités et facilités
Écoles
Commerces
Informations énergétiques
Code unique du certificat PEB
20201019011090
Consommation spécifique d'énergie primaire en KWh/m²/an
790
Consommation théorique totale d'énergie primaire en KWH/an (valeur)
46947
PEB
Panneaux solaires
Double vitrage
Citerne à mazout, gaz ou autre
Informations financières
Libre à partir du
À l'acte
Revenu cadastral
€ 485
Immeuble de rapport
Informations urbanistiques
Destination urbanistique la plus récente
zone d’habitat à caractère rural
Permis d'urbanisme
N° du permis d’urbanisme
751/834",https://www.biddit.be/fr/catalog/detail/191309,€ 70.000,,se termine le 18/02/2021 à 13:00 heure(s)
16,Code: 192147,Appartementsgebouw,2830 Willebroek,Immeuble à appartements,"Informations descriptives
Surface terrain
335 m²
Nombre de salles de bain
3
Informations financières
Libre à partir du
À l'acte
Revenu cadastral
€ 1.490
Revenu cadastral à définir
Immeuble de rapport
Informations urbanistiques
La destination urbanistique la plus récente de ce bien avec les dénominations utilisées dans le registre des plans.
Woongebied
Type de zone inondable
Pas d’application
(procédure en cours) relative aux mesures de réparation aménagement du territoire
Permis d'urbanisme
Permis d'urbanisation ou permis de lotir
Droit de préemption RUP",https://www.biddit.be/fr/catalog/detail/192147,€ 235.000,"09/02/2021, 17:05:37
Enchère
€ 235.000
09/02/2021, 13:00:00
Mise à prix
€ 235.000",se termine le 18/02/2021 à 13:00 heure(s)
17,Code: 192469,Centraal gelegen handelsruimte,8400 Oostende,Immeuble commercial,"Informations énergétiques
Code unique du certificat PEB
20200318-0002261670-KNR-1
PEB
Informations financières
Libre à partir du
À l'acte
Revenu cadastral à définir
Informations urbanistiques
La destination urbanistique la plus récente de ce bien avec les dénominations utilisées dans le registre des plans.
woongebied
Type de zone inondable
Pas d’application
(procédure en cours) relative aux mesures de réparation aménagement du territoire
Permis d'urbanisme
Permis d'urbanisation ou permis de lotir
Droit de préemption RUP
Données relatives à la protection du patrimoine
L'immeuble est-il protégé ou repris dans un inventaire établi? (info: www.onroerenderfgoed.be)
Autre
Autre type d'inventaire
Vastgestelde archeologische zone: historische stadskern Oostende + Vastgesteld bouwkundig erfgoed: winkelpand",https://www.biddit.be/fr/catalog/detail/192469,€ 80.000,"16/02/2021, 17:41:20
Enchère
€ 80.000
11/02/2021, 13:00:00
Mise à prix
€ 80.000",se termine le 19/02/2021 à 13:00 heure(s)
18,Code: 191907,Trendy gerenoveerd 1 slpk appartement op toplocatie,2018 Antwerpen,Appartement,"Informations descriptives
Année de construction
1968
Nombre de salles de bain
1
Nombre de toilettes
1
Étage du bien
3
Living
Cuisine équipée
Informations supplémentaires
Buanderie
Concierge
Informations sur le jardin et terrain
Terrasse
Informations énergétiques
Code unique du certificat PEB
20201107-0002336711-RES-1
Informations financières
Libre à partir du
À l'acte
Revenu cadastral
€ 728
Immeuble de rapport
Informations urbanistiques
La destination urbanistique la plus récente de ce bien avec les dénominations utilisées dans le registre des plans.
Woongebied
Type de zone inondable
Pas d’application",https://www.biddit.be/fr/catalog/detail/191907,€ 175.000,,se termine le 22/02/2021 à 12:00 heure(s)
19,Code: 192288,Maison 3 façades + garage et jardin à front de la r houtart,6030 Marchienne-au-Pont,Maison,"Informations descriptives
Surface terrain
362 m²
Surface habitable
79 m²
État du bâtiment
À rénover
Type de chauffage
Mazout
Chauffage central
Nombre de façades
3
Nombre de salles de bain
1
Nombre de toilettes
1
Nombre d'étages
2
Informations supplémentaires
Grenier
Grenier isolé
Raccordement à l'égoût
Veranda
Informations sur le jardin et terrain
Jardin
Informations énergétiques
Code unique du certificat PEB
202105012649
Consommation spécifique d'énergie primaire en KWh/m²/an
552
Consommation théorique totale d'énergie primaire en KWH/an (valeur)
52833
PEB
Panneaux solaires
Citerne à mazout, gaz ou autre
Informations financières
Libre à partir du
À l'acte
Revenu cadastral
€ 352
Informations urbanistiques
Destination urbanistique la plus récente
zone d'habitat
Infraction urbanistique ?
Permis d'urbanisme
Permis d'urbanisme de constructions groupées
Permis d'urbanisation ou permis de lotir
Droit de préemption
Données relatives à la protection du patrimoine
Inscription à la liste de sauvegarde ou de classement du patrimoine immobilier ?
Non
Procédure de classement au patrimoine",https://www.biddit.be/fr/catalog/detail/192288,€ 58.000,"16/02/2021, 08:51:42
Enchère
€ 58.000
15/02/2021, 22:45:04
Enchère
€ 55.000
15/02/2021, 15:55:44
Enchère
€ 52.000
15/02/2021, 09:07:00
Enchère
€ 51.000
15/02/2021, 09:00:08
Enchère
€ 45.000
15/02/2021, 09:00:00
Mise à prix
€ 45.000",se termine le 23/02/2021 à 09:00 heure(s)
20,Code: 191266,Maison 3 chambres avec grand jardin à montegnée,4420 Montegnée,Maison,"Informations descriptives
Surface habitable
124 m²
État du bâtiment
À rénover
Nombre de salles de bain
1
Living
Surface living
40 m²
Cave
Surface cave
20 m²
Informations sur le jardin et terrain
Jardin
Surface jardin
862 m²
Informations énergétiques
Code unique du certificat PEB
20200512007988
Consommation spécifique d'énergie primaire en KWh/m²/an
782
Consommation théorique totale d'énergie primaire en KWH/an (valeur)
97007
PEB
Attestation de conformité de l'installation électrique
Oui, non conforme
Informations financières
Libre à partir du
À l'acte
Revenu cadastral
€ 348
Informations urbanistiques
Destination urbanistique la plus récente
zone d'habitat
Infraction urbanistique ?
Permis d'urbanisme
Permis d'urbanisme de constructions groupées
Permis d'urbanisation ou permis de lotir
Données relatives à la protection du patrimoine
Inscription à la liste de sauvegarde ou de classement du patrimoine immobilier ?
Non",https://www.biddit.be/fr/catalog/detail/191266,€ 115.000,"17/02/2021, 10:48:50
Enchère
€ 115.000
16/02/2021, 09:37:29
Enchère
€ 111.000
16/02/2021, 00:25:17
Enchère
€ 110.000
16/02/2021, 00:06:48
Enchère
€ 109.000
15/02/2021, 22:35:07
Enchère
€ 108.000
15/02/2021, 22:27:15
Enchère
€ 107.000
15/02/2021, 19:27:47
Enchère
€ 106.000
15/02/2021, 19:26:44
Enchère
€ 105.000
15/02/2021, 17:26:33
Enchère
€ 101.000
15/02/2021, 10:15:35
Enchère
€ 100.000
15/02/2021, 10:15:35
Enchère
€ 100.000
15/02/2021, 10:11:26
Enchère
€ 75.000
15/02/2021, 10:11:26
Enchère
€ 74.000
15/02/2021, 10:07:09
Enchère
€ 73.000
15/02/2021, 10:07:09
Enchère
€ 72.000
15/02/2021, 10:04:39
Enchère
€ 71.000
15/02/2021, 10:03:27
Enchère
€ 70.000
15/02/2021, 10:02:45
Enchère
€ 47.000
15/02/2021, 10:02:45
Enchère
€ 46.000
15/02/2021, 10:00:33
Enchère
€ 45.000
15/02/2021, 10:00:00
Mise à prix
€ 45.000",se termine le 23/02/2021 à 10:00 heure(s)
21,Code: 188088,Agréable & grande villa avec garage & jardin,5100 Namur,Maison,"Informations descriptives
Surface terrain
1003 m²
Nombre de façades
4
Nombre de salles de bain
1
Living
Salle à manger
Bureau
Cave
Informations sur le jardin et terrain
Terrasse
Informations énergétiques
Code unique du certificat PEB
20201005006403
Consommation spécifique d'énergie primaire en KWh/m²/an
317
Consommation théorique totale d'énergie primaire en KWH/an (valeur)
61574
PEB
Informations financières
Libre à partir du
À l'acte
Revenu cadastral
€ 1.608",https://www.biddit.be/fr/catalog/detail/188088,€ 209.000,"16/02/2021, 17:04:01
Enchère
€ 209.000
16/02/2021, 15:51:22
Enchère
€ 208.000
16/02/2021, 12:42:43
Enchère
€ 207.000
16/02/2021, 07:50:46
Enchère
€ 206.000
15/02/2021, 17:06:41
Enchère
€ 205.000
15/02/2021, 16:18:12
Enchère
€ 202.000
15/02/2021, 15:22:05
Enchère
€ 201.000
15/02/2021, 15:05:47
Enchère
€ 200.000
15/02/2021, 10:01:15
Enchère
€ 193.000
15/02/2021, 10:00:14
Enchère
€ 192.000
15/02/2021, 10:00:00
Mise à prix
€ 192.000",se termine le 23/02/2021 à 10:00 heure(s)
22,Code: 191806,Instapklare woning & werkhuis,2980 Zoersel,Maison,"Informations descriptives
Année de construction
1978
Surface terrain
1506 m²
Surface habitable
292 m²
Nombre de façades
4
Nombre de salles de bain
3
Informations supplémentaires
Grenier
Parking(s) à l'intérieur
2
Informations énergétiques
Code unique du certificat PEB
20191227-0002232038-RES-1
Informations financières
Libre le
31/03/2021
Revenu cadastral
€ 2.359
Immeuble de rapport
Informations urbanistiques
La destination urbanistique la plus récente de ce bien avec les dénominations utilisées dans le registre des plans.
Woongebied
Type de zone inondable
Entièrement dans une zone sensible aux inondations possibles
(procédure en cours) relative aux mesures de réparation aménagement du territoire
Permis d'urbanisme
Permis d'urbanisation ou permis de lotir
Droit de préemption RUP",https://www.biddit.be/fr/catalog/detail/191806,€ 416.000,"15/02/2021, 11:22:23
Enchère
€ 416.000
15/02/2021, 11:22:23
Enchère
€ 415.000
15/02/2021, 10:57:30
Enchère
€ 413.000
15/02/2021, 10:57:30
Enchère
€ 412.000
15/02/2021, 10:02:04
Enchère
€ 411.000
15/02/2021, 10:02:04
Enchère
€ 410.000
15/02/2021, 10:01:40
Enchère
€ 402.000
15/02/2021, 10:01:40
Enchère
€ 401.000
15/02/2021, 10:01:32
Enchère
€ 397.000
15/02/2021, 10:01:32
Enchère
€ 396.000
15/02/2021, 10:01:13
Enchère
€ 391.000
15/02/2021, 10:01:13
Enchère
€ 390.000
15/02/2021, 10:00:14
Enchère
€ 380.000
15/02/2021, 10:00:00
Mise à prix
€ 380.000",se termine le 23/02/2021 à 10:00 heure(s)
23,Code: 190028,Een woonhuis met tuin,9910 Knesselare,Maison,"Informations descriptives
Surface terrain
1571 m²
Nombre de salles de bain
1
Living
Cuisine équipée
Informations supplémentaires
Grenier
Buanderie
Parking(s) à l'intérieur
2
Informations sur le jardin et terrain
Terrasse
Jardin
Informations sur les commodités et facilités
Commerces
Accès autoroute
Informations énergétiques
Code unique du certificat PEB
20201029-0002334201-RES-1
Panneaux solaires
Citerne à mazout, gaz ou autre
Informations financières
Libre à partir du
À définir
Revenu cadastral
€ 1.150
Informations urbanistiques
La destination urbanistique la plus récente de ce bien avec les dénominations utilisées dans le registre des plans.
Woongebied
Type de zone inondable
Pas d’application
(procédure en cours) relative aux mesures de réparation aménagement du territoire
Permis d'urbanisme
Permis d'urbanisation ou permis de lotir
Droit de préemption RUP
Données relatives à la protection du patrimoine
L'immeuble est-il protégé ou repris dans un inventaire établi? (info: www.onroerenderfgoed.be)
Non",https://www.biddit.be/fr/catalog/detail/190028,€ 405.000,"15/02/2021, 20:21:49
Enchère
€ 405.000
15/02/2021, 18:59:46
Enchère
€ 400.000
15/02/2021, 13:20:11
Enchère
€ 350.000
15/02/2021, 11:14:23
Enchère
€ 349.000
15/02/2021, 10:46:53
Enchère
€ 320.000
15/02/2021, 10:44:05
Enchère
€ 314.000
15/02/2021, 10:16:34
Enchère
€ 303.000
15/02/2021, 10:12:38
Enchère
€ 302.000
15/02/2021, 10:09:36
Enchère
€ 301.000
15/02/2021, 10:05:41
Enchère
€ 300.000
15/02/2021, 10:04:24
Enchère
€ 260.000
15/02/2021, 10:04:06
Enchère
€ 259.000
15/02/2021, 10:03:48
Enchère
€ 258.000
15/02/2021, 10:03:32
Enchère
€ 257.000
15/02/2021, 10:03:17
Enchère
€ 256.000
15/02/2021, 10:02:43
Enchère
€ 255.000
15/02/2021, 10:02:04
Enchère
€ 254.000
15/02/2021, 10:02:00
Enchère
€ 253.000
15/02/2021, 10:01:30
Enchère
€ 252.000
15/02/2021, 10:01:26
Enchère
€ 251.000
Afficher l’historique des enchères",se termine le 23/02/2021 à 10:00 heure(s)
24,Code: 192373,Instapklare woning,3890 Gingelom,Maison,"Informations descriptives
Nombre de salles de bain
1
Living
Cave
Informations supplémentaires
Grenier
Grenier accessible par escalier fixe
Informations sur le jardin et terrain
Terrasse
Informations énergétiques
Code unique du certificat PEB
20160427-0001857374-1
Informations financières
Libre à partir du
À l'acte
Revenu cadastral
€ 379
Immeuble de rapport
Informations urbanistiques
La destination urbanistique la plus récente de ce bien avec les dénominations utilisées dans le registre des plans.
Woongebied met landelijk karakter
Type de zone inondable
Pas d’application
(procédure en cours) relative aux mesures de réparation aménagement du territoire
Permis d'urbanisme
Permis d'urbanisation ou permis de lotir
Droit de préemption RUP",https://www.biddit.be/fr/catalog/detail/192373,€ 94.000,"15/02/2021, 13:07:05
Enchère
€ 94.000
15/02/2021, 13:07:05
Enchère
€ 93.000
15/02/2021, 10:08:09
Enchère
€ 92.000
15/02/2021, 10:01:36
Enchère
€ 91.000
15/02/2021, 10:01:36
Enchère
€ 91.000
15/02/2021, 10:00:06
Enchère
€ 90.000
15/02/2021, 10:00:00
Mise à prix
€ 90.000",se termine le 23/02/2021 à 10:00 heure(s)
25,Code: 191233,Maison 3 façades avec jardin,6200 Bouffioulx,Maison,"Informations descriptives
Surface terrain
470 m²
Surface chambre 1
13 m²
Surface chambre 2
13 m²
Surface chambre 3
12 m²
Surface chambre 4
11 m²
État du bâtiment
Bon
Type de chauffage
Gaz
Nombre de façades
3
Nombre de salles de bain
1
Nombre de toilettes
2
Nombre d'étages
2
Informations supplémentaires
Grenier
Grenier accessible par escalier fixe
Informations sur le jardin et terrain
Terrasse
Jardin
Informations sur les commodités et facilités
Écoles
Commerces
Informations énergétiques
Code unique du certificat PEB
20110624016257
Consommation spécifique d'énergie primaire en KWh/m²/an
504
Consommation théorique totale d'énergie primaire en KWH/an (valeur)
97537
PEB
Panneaux solaires
Double vitrage
Informations financières
Libre à partir du
À l'acte
Revenu cadastral
€ 520
Immeuble de rapport
Informations urbanistiques
Destination urbanistique la plus récente
zone d'habitat
Infraction urbanistique ?
Permis d'urbanisme
N° du permis d’urbanisme
3407/1986
Date du permis d’urbanisme
13/08/1986
Permis d'urbanisme de constructions groupées
Permis d'urbanisation ou permis de lotir
Données relatives à la protection du patrimoine
Inscription à la liste de sauvegarde ou de classement du patrimoine immobilier ?
Non",https://www.biddit.be/fr/catalog/detail/191233,€ 100.000,"15/02/2021, 11:00:16
Enchère
€ 100.000
15/02/2021, 11:00:00
Mise à prix
€ 100.000",se termine le 23/02/2021 à 11:00 heure(s)
26,Code: 189413,Goed gelegen instapklaar 3-slpk appartement,9000 Gent,Appartement,"Informations descriptives
Année de construction
1970
Surface terrain
653 m²
Surface habitable
102.85 m²
Type de chauffage
Gaz
Chauffage central
Nombre de salles de bain
1
Nombre de toilettes
2
Living
Cuisine équipée
Informations supplémentaires
Parking(s) à l'intérieur
1
Informations sur le jardin et terrain
Terrasse
Informations sur les commodités et facilités
Écoles
Trains
Bus
Commerces
Trams
Accès autoroute
Informations énergétiques
Code unique du certificat PEB
20140327-0001562934-00000001-7
Citerne à mazout, gaz ou autre
Informations financières
Revenu cadastral
€ 1.291
Informations urbanistiques
La destination urbanistique la plus récente de ce bien avec les dénominations utilisées dans le registre des plans.
woongebieden met kultureel- historische en/of esthetische waarde
Type de zone inondable
Pas d’application
(procédure en cours) relative aux mesures de réparation aménagement du territoire
Permis d'urbanisme
Permis d'urbanisation ou permis de lotir
Droit de préemption RUP
Données relatives à la protection du patrimoine
L'immeuble est-il protégé ou repris dans un inventaire établi? (info: www.onroerenderfgoed.be)
Oui
Type d'inventaire
Site urbain protégé",https://www.biddit.be/fr/catalog/detail/189413,€ 244.000,"17/02/2021, 09:35:05
Enchère
€ 244.000
16/02/2021, 11:08:46
Enchère
€ 243.000
16/02/2021, 08:20:30
Enchère
€ 242.000
15/02/2021, 11:00:14
Enchère
€ 241.000
15/02/2021, 11:00:00
Mise à prix
€ 240.000",se termine le 23/02/2021 à 11:00 heure(s)
27,Code: 191989,Studio au 1er ét. (lot 3),1190 Forest,Flat / Studio,"Informations descriptives
Nombre de salles de bain
1
Nombre de toilettes
1
Étage du bien
1
Living
Cuisine équipée
Informations énergétiques
Consommation spécifique d'énergie primaire en KWh/m²/an
317
Informations financières
Libre à partir du
À définir
Revenu cadastral
€ 289
Informations urbanistiques
Destination urbanistique licite la plus récente
Zones mixtes",https://www.biddit.be/fr/catalog/detail/191989,€ 74.000,"15/02/2021, 15:08:14
Enchère
€ 74.000
15/02/2021, 15:08:14
Enchère
€ 73.000
15/02/2021, 12:53:25
Enchère
€ 72.000
15/02/2021, 12:53:25
Enchère
€ 71.000
15/02/2021, 12:48:16
Enchère
€ 70.000
15/02/2021, 12:48:16
Enchère
€ 70.000
15/02/2021, 12:48:16
Enchère
€ 69.000
15/02/2021, 12:48:16
Enchère
€ 68.000
15/02/2021, 12:48:16
Enchère
€ 67.000
15/02/2021, 12:48:16
Enchère
€ 66.000
15/02/2021, 12:48:16
Enchère
€ 65.000
15/02/2021, 12:44:54
Enchère
€ 64.000
15/02/2021, 12:44:54
Enchère
€ 63.000
15/02/2021, 12:44:22
Enchère
€ 62.000
15/02/2021, 12:44:22
Enchère
€ 61.000
15/02/2021, 12:44:03
Enchère
€ 60.000
15/02/2021, 12:44:03
Enchère
€ 59.000
15/02/2021, 12:43:50
Enchère
€ 58.000
15/02/2021, 12:43:49
Enchère
€ 57.000
15/02/2021, 11:20:44
Enchère
€ 56.000
Afficher l’historique des enchères",se termine le 23/02/2021 à 11:00 heure(s)
28,Code: 192126,Woning,2960 Brecht,Ferme,"Informations descriptives
Surface terrain
1431 m²
Nombre de salles de bain
1
Informations supplémentaires
Parking(s) à l'intérieur
1
Informations énergétiques
Code unique du certificat PEB
20210112-0002358342-RES-1
Informations financières
Libre à partir du
À l'acte
Revenu cadastral
€ 644
Immeuble de rapport
Informations urbanistiques
La destination urbanistique la plus récente de ce bien avec les dénominations utilisées dans le registre des plans.
Woongebied
Type de zone inondable
Pas d’application
(procédure en cours) relative aux mesures de réparation aménagement du territoire
Permis d'urbanisme
Permis d'urbanisation ou permis de lotir
Droit de préemption RUP",https://www.biddit.be/fr/catalog/detail/192126,€ 215.000,"16/02/2021, 20:27:58
Enchère
€ 215.000
16/02/2021, 12:10:50
Enchère
€ 208.000
15/02/2021, 20:20:08
Enchère
€ 207.000
15/02/2021, 11:24:58
Enchère
€ 206.000
15/02/2021, 11:24:25
Enchère
€ 205.000
15/02/2021, 11:24:25
Enchère
€ 205.000
15/02/2021, 11:00:33
Enchère
€ 201.000
15/02/2021, 11:00:08
Enchère
€ 200.000
15/02/2021, 11:00:00
Mise à prix
€ 200.000",se termine le 23/02/2021 à 11:00 heure(s)
29,Code: 192070,Woonhuis met tuin,9620 Zottegem,Maison,"Informations descriptives
Surface terrain
348 m²
Nombre de salles de bain
1
Living
Cave
Surface cave
20 m²
Cuisine équipée
Informations supplémentaires
Grenier
Informations sur le jardin et terrain
Jardin
Informations énergétiques
Code unique du certificat PEB
20201103-0002335879-RES-1
Panneaux solaires
Informations financières
Libre à partir du
À l'acte
Revenu cadastral
€ 411
Informations urbanistiques
La destination urbanistique la plus récente de ce bien avec les dénominations utilisées dans le registre des plans.
Woongebied
Type de zone inondable
Pas d’application
(procédure en cours) relative aux mesures de réparation aménagement du territoire
Permis d'urbanisme
Permis d'urbanisation ou permis de lotir
Droit de préemption RUP",https://www.biddit.be/fr/catalog/detail/192070,€ 132.000,"16/02/2021, 06:06:58
Enchère
€ 132.000
15/02/2021, 21:03:33
Enchère
€ 131.000
15/02/2021, 21:03:33
Enchère
€ 131.000
15/02/2021, 11:00:07
Enchère
€ 130.000
15/02/2021, 11:00:00
Mise à prix
€ 130.000",se termine le 23/02/2021 à 11:00 heure(s)
30,Code: 191498,Charmante woning met tuin,1930 Zaventem,Maison,"Informations descriptives
Surface terrain
200 m²
Nombre de façades
2
Nombre de salles de bain
1
Living
Cave
Informations supplémentaires
Grenier
Informations sur le jardin et terrain
Jardin
Informations énergétiques
Code unique du certificat PEB
20200902-0002310063-RES-1
Citerne à mazout, gaz ou autre
Informations financières
Libre à partir du
À l'acte
Revenu cadastral
€ 587
Immeuble de rapport
Informations urbanistiques
La destination urbanistique la plus récente de ce bien avec les dénominations utilisées dans le registre des plans.
Woongebied
Type de zone inondable
Pas d’application
(procédure en cours) relative aux mesures de réparation aménagement du territoire
Permis d'urbanisme
Permis d'urbanisation ou permis de lotir
Droit de préemption RUP",https://www.biddit.be/fr/catalog/detail/191498,€ 190.000,,se termine le 23/02/2021 à 12:00 heure(s)
31,Code: 191658,Maison de rangée 2 chambres avec garage,7100 La Louvière,Maison,"Informations descriptives
Type de chauffage
Gaz
Chauffage central
Nombre de façades
2
Nombre de salles de bain
1
Nombre d'étages
1
Informations sur le jardin et terrain
Terrasse
Jardin
Informations sur les commodités et facilités
Écoles
Trains
Bus
Commerces
Informations énergétiques
Code unique du certificat PEB
2019090907002578
Consommation spécifique d'énergie primaire en KWh/m²/an
228
Consommation théorique totale d'énergie primaire en KWH/an (valeur)
35090
PEB
Panneaux solaires
Double vitrage
Attestation de conformité de l'installation électrique
Oui, non conforme
Citerne à mazout, gaz ou autre
Informations financières
Libre à partir du
À l'acte
Revenu cadastral
€ 446
Immeuble de rapport
Informations urbanistiques
Destination urbanistique la plus récente
zone d'habitat
Infraction urbanistique ?
Permis d'urbanisme
Permis d'urbanisme de constructions groupées
Permis d'urbanisation ou permis de lotir
Données relatives à la protection du patrimoine
Inscription à la liste de sauvegarde ou de classement du patrimoine immobilier ?
Non",https://www.biddit.be/fr/catalog/detail/191658,€ 140.000,"15/02/2021, 12:00:19
Enchère
€ 140.000
15/02/2021, 12:00:00
Mise à prix
€ 140.000",se termine le 23/02/2021 à 12:00 heure(s)
32,Code: 191307,Maison d'habitation avec jardin,4030 Grivegnée,Maison,"Informations descriptives
Année de construction
1959
Surface terrain
197 m²
Surface habitable
118 m²
Surface chambre 1
8.19 m²
Surface chambre 2
13.65 m²
État du bâtiment
À rafraichir
Environnement
Urbain
Type de chauffage
Gaz
Chauffage central
Nombre de façades
2
Nombre d'unités d'habitation (selon l'urbanisme)
1
Nombre de salles de bain
1
Nombre de toilettes
1
Nombre d'étages
2
Living
Surface living
19.4 m²
Bureau
Surface bureau
6.46 m²
Surface cuisine
5.67 m²
Informations supplémentaires
Raccordement à l'égoût
Télédistribution
Parking(s) à l'intérieur
2
Informations sur le jardin et terrain
Jardin
Terrain plat
Terrain front de rue
Informations énergétiques
Code unique du certificat PEB
20201103002213
Consommation spécifique d'énergie primaire en KWh/m²/an
590
Consommation théorique totale d'énergie primaire en KWH/an (valeur)
49813
PEB
Panneaux solaires
Double vitrage
Déclaration environnementale ou permis d'environnement pour citerne(s)
Non, parce que pas requise
Attestation de conformité de l'installation électrique
Oui, non conforme
Citerne à mazout, gaz ou autre
Informations financières
Libre à partir du
À l'acte
Revenu cadastral
€ 820
Immeuble de rapport
Informations urbanistiques
Destination urbanistique la plus récente
zone d'habitat
Infraction urbanistique ?
Permis d'urbanisme
Permis d'urbanisme de constructions groupées
Permis d'urbanisation ou permis de lotir
Droit de préemption
Vente soumise à autorisation
Site Natura 2000 pressenti ou désigné
Données relatives à la protection du patrimoine
Inscription à la liste de sauvegarde ou de classement du patrimoine immobilier ?
Non
Procédure de classement au patrimoine",https://www.biddit.be/fr/catalog/detail/191307,€ 106.000,"15/02/2021, 20:26:31
Enchère
€ 106.000
15/02/2021, 20:26:31
Enchère
€ 105.000
15/02/2021, 19:39:57
Enchère
€ 104.000
15/02/2021, 19:39:57
Enchère
€ 103.000
15/02/2021, 13:05:21
Enchère
€ 102.000
15/02/2021, 13:04:05
Enchère
€ 101.000
15/02/2021, 13:02:01
Enchère
€ 100.000
15/02/2021, 13:00:09
Enchère
€ 65.000
15/02/2021, 13:00:00
Mise à prix
€ 65.000",se termine le 23/02/2021 à 13:00 heure(s)
33,Code: 191440,Zeer ruime hoekwoning met garage en grote tuin te wilrijk.,2610 Wilrijk,Maison,"Informations descriptives
Année de construction
1966
Surface terrain
586 m²
Environnement
Résidentiel
Informations énergétiques
Code unique du certificat PEB
20201002-0002322821-RES-1
Informations financières
Libre à partir du
À l'acte
Revenu cadastral
€ 2.610
Informations urbanistiques
La destination urbanistique la plus récente de ce bien avec les dénominations utilisées dans le registre des plans.
woongebieden + aanvullende voorschriften gp 14 : art 1, º1 punt 3 (bruinomrand, stedelijke agglomeratie)
Type de zone inondable
Pas d’application
(procédure en cours) relative aux mesures de réparation aménagement du territoire
Permis d'urbanisme
Permis d'urbanisation ou permis de lotir
Droit de préemption RUP
Données relatives à la protection du patrimoine
L'immeuble est-il protégé ou repris dans un inventaire établi? (info: www.onroerenderfgoed.be)
Non",https://www.biddit.be/fr/catalog/detail/191440,€ 362.000,"17/02/2021, 09:41:44
Enchère
€ 362.000
17/02/2021, 09:41:44
Enchère
€ 362.000
17/02/2021, 09:41:31
Enchère
€ 360.000
17/02/2021, 09:41:31
Enchère
€ 358.000
17/02/2021, 09:41:16
Enchère
€ 356.000
17/02/2021, 09:41:16
Enchère
€ 354.000
17/02/2021, 09:41:03
Enchère
€ 352.000
17/02/2021, 09:41:03
Enchère
€ 350.000
17/02/2021, 09:40:53
Enchère
€ 348.000
17/02/2021, 09:40:53
Enchère
€ 346.000
17/02/2021, 09:40:44
Enchère
€ 344.000
17/02/2021, 09:40:44
Enchère
€ 342.000
17/02/2021, 09:39:50
Enchère
€ 340.000
17/02/2021, 09:39:50
Enchère
€ 338.000
17/02/2021, 09:39:25
Enchère
€ 336.000
17/02/2021, 09:39:25
Enchère
€ 334.000
16/02/2021, 14:37:15
Enchère
€ 332.000
16/02/2021, 14:37:15
Enchère
€ 330.000
16/02/2021, 14:37:02
Enchère
€ 328.000
16/02/2021, 14:37:02
Enchère
€ 326.000
Afficher l’historique des enchères",se termine le 23/02/2021 à 13:00 heure(s)
34,Code: 191910,Rustig gelegen op te frissen bungalow met garage en tuin,9030 Mariakerke,Bungalow,"Informations descriptives
Année de construction
1977
Surface terrain
780 m²
État du bâtiment
À rafraichir
Type de chauffage
Gaz
Nombre de salles de bain
1
Informations supplémentaires
Raccordement à l'égoût
Télédistribution
Parking(s) à l'intérieur
2
Informations sur le jardin et terrain
Jardin
Informations énergétiques
Code unique du certificat PEB
20190821-0002187483-RES-1
PEB
Panneaux solaires
Attestation de conformité de l'installation électrique
Oui, non conforme
Informations financières
Libre à partir du
À l'acte
Revenu cadastral
€ 1.504
Immeuble de rapport
Informations urbanistiques
La destination urbanistique la plus récente de ce bien avec les dénominations utilisées dans le registre des plans.
woongebieden
Type de zone inondable
Pas d’application
(procédure en cours) relative aux mesures de réparation aménagement du territoire
Permis d'urbanisme
Permis d'urbanisation ou permis de lotir
Droit de préemption RUP
Données relatives à la protection du patrimoine
L'immeuble est-il protégé ou repris dans un inventaire établi? (info: www.onroerenderfgoed.be)
Non",https://www.biddit.be/fr/catalog/detail/191910,€ 300.000,"16/02/2021, 16:27:16
Enchère
€ 300.000
16/02/2021, 16:26:56
Enchère
€ 287.000
16/02/2021, 16:26:51
Enchère
€ 286.000
16/02/2021, 16:26:34
Enchère
€ 285.000
16/02/2021, 16:26:31
Enchère
€ 284.000
16/02/2021, 16:25:56
Enchère
€ 282.000
16/02/2021, 16:25:50
Enchère
€ 281.000
16/02/2021, 16:25:39
Enchère
€ 280.000
16/02/2021, 16:25:21
Enchère
€ 273.000
16/02/2021, 16:25:10
Enchère
€ 272.000
16/02/2021, 08:27:39
Enchère
€ 267.000
16/02/2021, 08:18:46
Enchère
€ 266.000
16/02/2021, 08:00:06
Enchère
€ 265.000
16/02/2021, 07:47:12
Enchère
€ 256.000
16/02/2021, 04:40:09
Enchère
€ 255.000
16/02/2021, 01:04:31
Enchère
€ 250.000
15/02/2021, 18:35:00
Enchère
€ 235.000
15/02/2021, 18:28:06
Enchère
€ 219.000
15/02/2021, 13:36:23
Enchère
€ 218.000
15/02/2021, 13:26:37
Enchère
€ 215.000
Afficher l’historique des enchères",se termine le 23/02/2021 à 13:00 heure(s)
35,Code: 191931,Grote vrijstaande woning,8740 Pittem,Maison,"Informations descriptives
Année de construction
1981
Surface terrain
2317 m²
Nombre de façades
4
Nombre de salles de bain
1
Nombre de toilettes
1
Living
Informations supplémentaires
Grenier
Parking(s) à l'intérieur
1
Informations énergétiques
Code unique du certificat PEB
20180904-0002087685-1
Informations financières
Libre à partir du
À l'acte
Revenu cadastral
€ 1.048
Immeuble de rapport
Informations urbanistiques
La destination urbanistique la plus récente de ce bien avec les dénominations utilisées dans le registre des plans.
Agrarisch gebied
Type de zone inondable
Pas d’application
(procédure en cours) relative aux mesures de réparation aménagement du territoire
Permis d'urbanisme
Permis d'urbanisation ou permis de lotir
Droit de préemption RUP
Données relatives à la protection du patrimoine
L'immeuble est-il protégé ou repris dans un inventaire établi? (info: www.onroerenderfgoed.be)
Non",https://www.biddit.be/fr/catalog/detail/191931,€ 300.000,,se termine le 23/02/2021 à 13:00 heure(s)
36,Code: 192000,Handelshuis op grote markt,3800 Sint-Truiden,Immeuble commercial,"Informations descriptives
Surface terrain
136 m²
Nombre de façades
2
Informations énergétiques
Code unique du certificat PEB
20201014-0002327579
Informations financières
Libre à partir du
À l'acte
Revenu cadastral
€ 3.510
Immeuble de rapport
Informations urbanistiques
La destination urbanistique la plus récente de ce bien avec les dénominations utilisées dans le registre des plans.
woongebied met een culturele, historische en/of esthetische waarde
Type de zone inondable
Pas d’application
(procédure en cours) relative aux mesures de réparation aménagement du territoire
Permis d'urbanisme
Permis d'urbanisation ou permis de lotir
Droit de préemption RUP",https://www.biddit.be/fr/catalog/detail/192000,€ 250.000,"15/02/2021, 13:21:49
Enchère
€ 250.000
15/02/2021, 13:00:00
Mise à prix
€ 250.000",se termine le 23/02/2021 à 13:00 heure(s)
37,Code: 192080,Woonhuis,3940 Hechtel-Eksel,Maison,"Informations descriptives
Année de construction
1956
Surface terrain
1156 m²
Nombre de façades
4
Nombre de salles de bain
1
Informations supplémentaires
Parking(s) à l'intérieur
3
Informations énergétiques
Code unique du certificat PEB
20201015-0002327681-RES-1
Informations financières
Libre à partir du
À l'acte
Revenu cadastral
€ 664
Immeuble de rapport
Informations urbanistiques
La destination urbanistique la plus récente de ce bien avec les dénominations utilisées dans le registre des plans.
Woongebied
Type de zone inondable
Pas d’application
(procédure en cours) relative aux mesures de réparation aménagement du territoire
Permis d'urbanisme
Permis d'urbanisation ou permis de lotir
Droit de préemption RUP",https://www.biddit.be/fr/catalog/detail/192080,€ 173.000,"16/02/2021, 15:41:49
Enchère
€ 173.000
16/02/2021, 15:04:03
Enchère
€ 172.000
16/02/2021, 09:37:25
Enchère
€ 171.000
16/02/2021, 09:37:19
Enchère
€ 170.000
16/02/2021, 09:37:19
Enchère
€ 169.000
16/02/2021, 09:37:14
Enchère
€ 168.000
16/02/2021, 09:37:14
Enchère
€ 167.000
16/02/2021, 09:37:08
Enchère
€ 166.000
16/02/2021, 09:37:08
Enchère
€ 165.000
16/02/2021, 09:37:00
Enchère
€ 164.000
16/02/2021, 09:37:00
Enchère
€ 163.000
15/02/2021, 22:06:03
Enchère
€ 162.000
15/02/2021, 21:20:23
Enchère
€ 161.000
15/02/2021, 14:36:44
Enchère
€ 160.000
15/02/2021, 14:36:27
Enchère
€ 153.000
15/02/2021, 13:02:43
Enchère
€ 152.000
15/02/2021, 13:02:09
Enchère
€ 151.000
15/02/2021, 13:00:08
Enchère
€ 150.000
15/02/2021, 13:00:00
Mise à prix
€ 150.000",se termine le 23/02/2021 à 13:00 heure(s)
38,Code: 192087,"Appartement 1 chambre à jemeppe, idéalement situé",4101 Jemeppe-sur-Meuse,Appartement,"Informations descriptives
Année de construction
1954
Surface habitable
65 m²
Surface chambre 1
15.3 m²
État du bâtiment
Bon
Environnement
Résidentiel
Type de chauffage
Mazout
Chauffage central
Nombre de salles de bain
1
Nombre de toilettes
1
Étage du bien
4
Living
Surface living
24.94 m²
Cave
Cuisine équipée
Informations supplémentaires
Raccordement à l'égoût
Télédistribution
Informations sur les commodités et facilités
Écoles
Distance école
1000 m
Trains
Distance gare
500 m
Bus
Distance arrêt de bus
500 m
Commerces
Distance commerces
250 m
Accès autoroute
Distance autoroute
500 m
Informations énergétiques
Code unique du certificat PEB
20200928022480
Consommation spécifique d'énergie primaire en KWh/m²/an
573
Consommation théorique totale d'énergie primaire en KWH/an (valeur)
37438
PEB
Déclaration environnementale ou permis d'environnement pour citerne(s)
Oui
Citerne à mazout, gaz ou autre
Capacité
8500
Attestation de conformité des citernes à mazout, gaz ou autre
Oui, conforme
Test d’étanchéité
Informations financières
Libre à partir du
À l'acte
Revenu cadastral
€ 619
Charges mensuelles
€ 160
Immeuble de rapport
Informations urbanistiques
Destination urbanistique la plus récente
zone d'habitat
Infraction urbanistique ?
Permis d'urbanisme
Permis d'urbanisme de constructions groupées
Permis d'urbanisation ou permis de lotir
Droit de préemption
Vente soumise à autorisation
Site Natura 2000 pressenti ou désigné
Données relatives à la protection du patrimoine
Inscription à la liste de sauvegarde ou de classement du patrimoine immobilier ?
Non
Procédure de classement au patrimoine",https://www.biddit.be/fr/catalog/detail/192087,€ 60.000,"15/02/2021, 13:04:21
Enchère
€ 60.000
15/02/2021, 13:00:00
Mise à prix
€ 60.000",se termine le 23/02/2021 à 13:00 heure(s)
39,Code: 192267,Dakappartement,2440 Geel,Appartement,"Informations descriptives
Année de construction
2010
Surface terrain
525 m²
Nombre de salles de bain
1
Étage du bien
3
Living
Cave
Informations supplémentaires
Parking(s) à l'intérieur
1
Informations financières
Libre à partir du
À l'acte
Revenu cadastral
€ 738
Immeuble de rapport
Informations urbanistiques
La destination urbanistique la plus récente de ce bien avec les dénominations utilisées dans le registre des plans.
Woongebied
Type de zone inondable
Pas d’application
(procédure en cours) relative aux mesures de réparation aménagement du territoire
Permis d'urbanisme
Permis d'urbanisation ou permis de lotir
Droit de préemption RUP",https://www.biddit.be/fr/catalog/detail/192267,€ 180.000,,se termine le 23/02/2021 à 13:00 heure(s)
40,Code: 192310,Grand ensemble de terres agricoles à longlier,6840 Longlier,Terre agricole,"Informations descriptives
Surface terrain
48449 m²
Obligation de construire
Informations financières
Libre à partir du
À l'acte
Revenu cadastral
€ 162
Informations urbanistiques
Destination urbanistique la plus récente
zone agricole
Infraction urbanistique ?
Permis d'urbanisme
Permis d'urbanisme de constructions groupées
Permis d'urbanisation ou permis de lotir
Données relatives à la protection du patrimoine
Inscription à la liste de sauvegarde ou de classement du patrimoine immobilier ?
Non
Procédure de classement au patrimoine",https://www.biddit.be/fr/catalog/detail/192310,€ 95.000,"17/02/2021, 09:37:55
Enchère
€ 95.000
17/02/2021, 09:37:55
Enchère
€ 94.000
16/02/2021, 12:25:17
Enchère
€ 93.000
16/02/2021, 12:25:17
Enchère
€ 92.000
16/02/2021, 10:26:19
Enchère
€ 91.000
16/02/2021, 10:26:19
Enchère
€ 90.000
16/02/2021, 10:08:30
Enchère
€ 89.000
16/02/2021, 10:08:30
Enchère
€ 88.000
15/02/2021, 13:00:13
Enchère
€ 87.000
15/02/2021, 13:00:00
Mise à prix
€ 87.000",se termine le 23/02/2021 à 13:00 heure(s)
41,Code: 190755,Een woning,9620 Elene,Maison,"Informations descriptives
Surface terrain
352 m²
Informations supplémentaires
Grenier
Informations sur le jardin et terrain
Terrasse
Jardin
Informations sur les commodités et facilités
Commerces
Accès autoroute
Informations énergétiques
Code unique du certificat PEB
20200707-0002288667-RES-1
Citerne à mazout, gaz ou autre
Informations financières
Libre à partir du
À l'acte
Revenu cadastral
€ 665
Informations urbanistiques
La destination urbanistique la plus récente de ce bien avec les dénominations utilisées dans le registre des plans.
Woongebied met landelijk karakter
Type de zone inondable
Pas d’application
(procédure en cours) relative aux mesures de réparation aménagement du territoire
Permis d'urbanisme
Permis d'urbanisation ou permis de lotir
Droit de préemption RUP
Données relatives à la protection du patrimoine
L'immeuble est-il protégé ou repris dans un inventaire établi? (info: www.onroerenderfgoed.be)
Non",https://www.biddit.be/fr/catalog/detail/190755,€ 203.000,"16/02/2021, 20:33:21
Enchère
€ 203.000
15/02/2021, 20:07:56
Enchère
€ 202.000
15/02/2021, 14:01:27
Enchère
€ 201.000
15/02/2021, 14:00:00
Mise à prix
€ 200.000",se termine le 23/02/2021 à 14:00 heure(s)
